,Sector,Weight
0,Industrials,0.07112622529870945
1,Healthcare,0.11393485259114289
2,Technology,0.30097620632273053
3,Utilities,0.023359729634485443
4,Financial Services,0.12786297768736435
5,Basic Materials,0.018509949040379947
6,Consumer Cyclical,0.09738304889616647
7,Real Estate,0.022239295776793396
8,Communication Services,0.12985755571405383
9,Consumer Defensive,0.06232399564049687
10,Energy,0.03242616339767685
